[
    {
      "id": 1,
      "title": "Headphone",
      "price": 150,
      "imgSrc": "./assets/images/products/headphone.jpg",
      "stock": 100,
      "availability": true
    },
    {
      "id": 2,
      "title": "Camera",
      "price": 150,
      "imgSrc": "./assets/images/products/camera.jpg",
      "stock": 50,
      "availability": true
    },
    {
      "id": 3,
      "title": "Shoes",
      "price": 150,
      "imgSrc": "./assets/images/products/shoe.jpg",
      "stock": 120,
      "availability": true
    },
    {
      "id": 4,
      "title": "Glasses",
      "price": 150,
      "imgSrc": "./assets/images/products/glasses.jpg",
      "stock": 50,
      "availability": true
    }
  ]